{
  "intelligibility": {
    "value": 5.62,
    "minimum": 0,
    "maximum": 10
  },
  "severity": {
    "value": 4.96,
    "minimum": 0,
    "maximum": 10
  },
  "confusion_matrix": {
    "labels": [
      "sil",
      "a",
      "\u025b",
      "e",
      "\u00db",
      "\u00d4",
      "u",
      "y",
      "i",
      "a\u0303",
      "\u0254\u0303",
      "\u00b5",
      "w",
      "\u0265",
      "j",
      "l",
      "\u0281",
      "n",
      "m",
      "\u0272",
      "p",
      "t",
      "k",
      "b",
      "d",
      "g",
      "f",
      "s",
      "\u0283",
      "v",
      "z",
      "\u0292"
    ],
    "matrix": [
      [
        0.19042437431991294,
        0.030467899891186073,
        0.0,
        0.01088139281828074,
        0.03373231773667029,
        0.0,
        0.026115342763873776,
        0.003264417845484222,
        0.0,
        0.029379760609358,
        0.07072905331882481,
        0.10119695321001088,
        0.0,
        0.0,
        0.001088139281828074,
        0.014145810663764961,
        0.02176278563656148,
        0.04352557127312296,
        0.030467899891186073,
        0.015233949945593036,
        0.026115342763873776,
        0.003264417845484222,
        0.0,
        0.002176278563656148,
        0.001088139281828074,
        0.006528835690968444,
        0.051142546245919476,
        0.0,
        0.16539717083786726,
        0.0750816104461371,
        0.004352557127312296,
        0.042437431991294884
      ],
      [
        0.14634146341463414,
        0.0,
        0.0,
        0.0,
        0.14634146341463414,
        0.0,
        0.008130081300813009,
        0.0,
        0.0,
        0.008130081300813009,
        0.07317073170731707,
        0.10569105691056911,
        0.0,
        0.0,
        0.0,
        0.016260162601626018,
        0.11382113821138211,
        0.032520325203252036,
        0.0,
        0.016260162601626018,
        0.0,
        0.0,
        0.04878048780487805,
        0.0,
        0.04878048780487805,
        0.016260162601626018,
        0.06504065040650407,
        0.0,
        0.0,
        0.04065040650406504,
        0.11382113821138211,
        0.0
      ],
      [
        0.09523809523809523,
        0.0,
        0.0,
        0.0,
        0.19047619047619047,
        0.0,
        0.0,
        0.047619047619047616,
        0.0,
        0.009523809523809525,
        0.02857142857142857,
        0.0380952380952381,
        0.0,
        0.0,
        0.0,
        0.0,
        0.06666666666666667,
        0.02857142857142857,
        0.23809523809523808,
        0.0,
        0.0,
        0.0,
        0.0,
        0.0,
        0.0,
        0.0,
        0.05714285714285714,
        0.0,
        0.14285714285714285,
        0.0,
        0.0,
        0.05714285714285714
      ],
      [
        0.0,
        0.0,
        0.0,
        0.0,
        0.11764705882352941,
        0.0,
        0.0,
        0.0,
        0.00980392156862745,
        0.049019607843137254,
        0.08823529411764706,
        0.08823529411764706,
        0.0,
        0.0,
        0.0,
        0.00980392156862745,
        0.049019607843137254,
        0.00980392156862745,
        0.049019607843137254,
        0.0,
        0.0,
        0.0,
        0.0,
        0.0,
        0.0,
        0.0,
        0.12745098039215685,
        0.0,
        0.29411764705882354,
        0.049019607843137254,
        0.058823529411764705,
        0.0
      ],
      [
        0.23300970873786409,
        0.0,
        0.0,
        0.0,
        0.04854368932038835,
        0.02912621359223301,
        0.04854368932038835,
        0.0,
        0.0,
        0.0,
        0.009708737864077669,
        0.04854368932038835,
        0.0,
        0.0,
        0.0,
        0.038834951456310676,
        0.019417475728155338,
        0.04854368932038835,
        0.02912621359223301,
        0.019417475728155338,
        0.0,
        0.0,
        0.02912621359223301,
        0.038834951456310676,
        0.04854368932038835,
        0.038834951456310676,
        0.0,
        0.0,
        0.04854368932038835,
        0.1553398058252427,
        0.04854368932038835,
        0.019417475728155338
      ],
      [
        0.34615384615384615,
        0.0,
        0.0,
        0.0,
        0.25,
        0.0,
        0.0,
        0.0,
        0.0,
        0.0,
        0.019230769230769232,
        0.0,
        0.0,
        0.0,
        0.0,
        0.0,
        0.0,
        0.0,
        0.0,
        0.0,
        0.0,
        0.0,
        0.0,
        0.019230769230769232,
        0.057692307692307696,
        0.0,
        0.038461538461538464,
        0.0,
        0.09615384615384616,
        0.0,
        0.17307692307692307,
        0.0
      ],
      [
        0.1016949152542373,
        0.03389830508474576,
        0.13559322033898305,
        0.0,
        0.03389830508474576,
        0.0,
        0.0,
        0.0,
        0.0,
        0.05084745762711865,
        0.1864406779661017,
        0.1016949152542373,
        0.0,
        0.0,
        0.0,
        0.05084745762711865,
        0.06779661016949153,
        0.0,
        0.0,
        0.0,
        0.0,
        0.0,
        0.01694915254237288,
        0.0,
        0.0,
        0.0,
        0.15254237288135594,
        0.0,
        0.0,
        0.06779661016949153,
        0.0,
        0.0
      ],
      [
        0.0,
        0.0,
        0.0,
        0.0,
        0.2,
        0.0,
        0.0,
        0.0,
        0.0,
        0.0,
        0.0,
        0.35,
        0.0,
        0.0,
        0.0,
        0.0,
        0.0,
        0.1,
        0.0,
        0.0,
        0.0,
        0.0,
        0.0,
        0.0,
        0.25,
        0.0,
        0.0,
        0.0,
        0.0,
        0.0,
        0.1,
        0.0
      ],
      [
        0.0,
        0.0,
        0.0,
        0.0,
        0.3953488372093023,
        0.0,
        0.0,
        0.0,
        0.0,
        0.0,
        0.06976744186046512,
        0.023255813953488372,
        0.0,
        0.0,
        0.0,
        0.0,
        0.0,
        0.2558139534883721,
        0.023255813953488372,
        0.0,
        0.0,
        0.0,
        0.0,
        0.023255813953488372,
        0.046511627906976744,
        0.0,
        0.023255813953488372,
        0.0,
        0.0,
        0.09302325581395349,
        0.0,
        0.046511627906976744
      ],
      [
        0.0975609756097561,
        0.0,
        0.0,
        0.0,
        0.21951219512195122,
        0.0,
        0.0,
        0.012195121951219513,
        0.0,
        0.036585365853658534,
        0.2073170731707317,
        0.024390243902439025,
        0.0,
        0.0,
        0.0,
        0.012195121951219513,
        0.0,
        0.07317073170731707,
        0.08536585365853659,
        0.024390243902439025,
        0.0,
        0.0,
        0.0,
        0.0,
        0.0,
        0.024390243902439025,
        0.0,
        0.0,
        0.012195121951219513,
        0.13414634146341464,
        0.036585365853658534,
        0.0
      ],
      [
        0.0,
        0.0,
        0.06666666666666667,
        0.0,
        0.0,
        0.0,
        0.0,
        0.0,
        0.0,
        0.0,
        0.0,
        0.0,
        0.0,
        0.0,
        0.0,
        0.0,
        0.0,
        0.13333333333333333,
        0.0,
        0.0,
        0.0,
        0.0,
        0.0,
        0.0,
        0.0,
        0.0,
        0.3333333333333333,
        0.0,
        0.0,
        0.4666666666666667,
        0.0,
        0.0
      ],
      [
        0.15151515151515152,
        0.0,
        0.0,
        0.0,
        0.0,
        0.0,
        0.0,
        0.0,
        0.0,
        0.09090909090909091,
        0.0,
        0.13636363636363635,
        0.0,
        0.0,
        0.0,
        0.030303030303030304,
        0.15151515151515152,
        0.0,
        0.045454545454545456,
        0.0,
        0.0,
        0.0,
        0.015151515151515152,
        0.0,
        0.0,
